episode,target,method,horizon,final_tracking_error,mean_tracking_error,success_5cm_equiv,success_10cm_equiv,clipped_steps,residual_sum
0,short_2link,raw_copy,18,0.0025310101284885993,0.021107776407361147,1,1,0,nan
0,short_2link,ejar_absolute,18,0.05171326156616749,0.03400954749511076,0,1,10,0.2791440345687443
1,long_2link,raw_copy,18,0.18968775885133832,0.1615341479414151,0,0,0,nan
1,long_2link,ejar_absolute,18,0.012861716126780299,0.013024244066233188,1,1,1,0.017607823190552194
2,asymmetric_3link,raw_copy,18,0.171139019658583,0.07563136452784906,0,0,0,nan
2,asymmetric_3link,ejar_absolute,18,0.027787084134491827,0.015141387045215247,1,1,5,0.042803946994299936
3,short_2link,raw_copy,18,0.01731882898578358,0.10519829763601916,1,1,0,nan
3,short_2link,ejar_absolute,18,0.03135046763220444,0.021235848161260527,1,1,6,0.059353698044524617
4,long_2link,raw_copy,18,0.2632606268101012,0.202896193978213,0,0,0,nan
4,long_2link,ejar_absolute,18,0.011761081254538413,0.0056293920217829856,1,1,2,0.011927543839723763
5,asymmetric_3link,raw_copy,18,0.09324711434621999,0.18792951270071306,0,1,0,nan
5,asymmetric_3link,ejar_absolute,18,0.021504804275232717,0.013578204379585488,1,1,1,0.01758352473223522
6,short_2link,raw_copy,18,0.09412861391836902,0.10017741587895462,0,1,0,nan
6,short_2link,ejar_absolute,18,0.020994427945880623,0.01622561058862966,1,1,7,0.0823862716055522
7,long_2link,raw_copy,18,0.07464350703254406,0.041019295660680605,0,1,0,nan
7,long_2link,ejar_absolute,18,0.013219051261231378,0.007042284234644865,1,1,0,0.003981289352567343
8,asymmetric_3link,raw_copy,18,0.13506885203518323,0.07784218137421987,0,0,0,nan
8,asymmetric_3link,ejar_absolute,18,0.05087766818984094,0.02978735476924162,0,1,7,0.1135738746422122
9,short_2link,raw_copy,18,0.22827696892354923,0.21351040478456917,0,0,0,nan
9,short_2link,ejar_absolute,18,0.06168045110442656,0.04475721812692367,0,1,10,0.21760466872231488
10,long_2link,raw_copy,18,0.035243121476284923,0.07530826227425018,1,1,0,nan
10,long_2link,ejar_absolute,18,0.005444284146225634,0.0027602085170419796,1,1,0,0.0016705306668973797
11,asymmetric_3link,raw_copy,18,0.2100355125622834,0.17315894804246793,0,0,0,nan
11,asymmetric_3link,ejar_absolute,18,0.01997868982887912,0.013452141714619266,1,1,2,0.013643273027456724
12,short_2link,raw_copy,18,0.5478662390350019,0.18794617879686235,0,0,0,nan
12,short_2link,ejar_absolute,18,0.16021673735334815,0.06118676047012228,0,0,8,0.3771071547562031
13,long_2link,raw_copy,18,0.05300611817775682,0.05187027251820992,0,1,0,nan
13,long_2link,ejar_absolute,18,0.029930826531966936,0.01271441262541024,1,1,9,0.13460476987974465
14,asymmetric_3link,raw_copy,18,0.06744898920210975,0.044626167418929004,0,1,0,nan
14,asymmetric_3link,ejar_absolute,18,0.036933536867764676,0.018794267683245713,1,1,8,0.09623972913215405
15,short_2link,raw_copy,18,0.16646319655426267,0.09330959962740541,0,0,0,nan
15,short_2link,ejar_absolute,18,0.03040557409000463,0.027349004695429967,1,1,6,0.059253840995770635
16,long_2link,raw_copy,18,0.2481449101630618,0.39728940919671013,0,0,0,nan
16,long_2link,ejar_absolute,18,0.004393163365970218,0.02128997367095104,1,1,7,0.10667250827956752
17,asymmetric_3link,raw_copy,18,0.15500104786010951,0.056530399084587554,0,0,0,nan
17,asymmetric_3link,ejar_absolute,18,0.08198657246833808,0.04159665969207757,0,1,15,0.6249479624347224
18,short_2link,raw_copy,18,0.37324080538987076,0.22266721201356926,0,0,0,nan
18,short_2link,ejar_absolute,18,0.04732970301208242,0.030390088106275175,1,1,9,0.06974935358482531
19,long_2link,raw_copy,18,0.2783528033559115,0.1189748802915605,0,0,0,nan
19,long_2link,ejar_absolute,18,0.005896567607899501,0.0033409986132503402,1,1,0,0.0015269768548733015
20,asymmetric_3link,raw_copy,18,0.5142069789157225,0.25524585493146607,0,0,0,nan
20,asymmetric_3link,ejar_absolute,18,0.10217249806060336,0.07459076090523534,0,0,4,0.12907928945488564
21,short_2link,raw_copy,18,0.21258651945381352,0.1049976792715924,0,0,0,nan
21,short_2link,ejar_absolute,18,0.11744363156283152,0.06529684974891913,0,0,15,0.5174114065707485
22,long_2link,raw_copy,18,0.05183122093457644,0.03976255327257658,0,1,0,nan
22,long_2link,ejar_absolute,18,0.013891826289177539,0.007329722433722511,1,1,0,0.0015965844261615879
23,asymmetric_3link,raw_copy,18,0.11704090176393268,0.1877835941909812,0,0,0,nan
23,asymmetric_3link,ejar_absolute,18,0.030406662878882412,0.0685454214686448,1,1,13,0.5899772082197412
24,short_2link,raw_copy,18,0.009870258253713274,0.02958203984431881,1,1,0,nan
24,short_2link,ejar_absolute,18,0.013270318397125964,0.006563375284523327,1,1,1,0.011815740533874996
25,long_2link,raw_copy,18,0.3983487783932846,0.27407889908977334,0,0,0,nan
25,long_2link,ejar_absolute,18,0.13368451313181973,0.08143154088557782,0,0,12,0.4077791079431726
26,asymmetric_3link,raw_copy,18,0.24252397852811536,0.13815251982736249,0,0,0,nan
26,asymmetric_3link,ejar_absolute,18,0.025033369222433523,0.01780943497444336,1,1,4,0.06542701791496221
27,short_2link,raw_copy,18,0.47530576105101413,0.2228267906271523,0,0,0,nan
27,short_2link,ejar_absolute,18,0.2914424229486957,0.15795195049972924,0,0,11,0.3494816830367745
28,long_2link,raw_copy,18,0.4286508900941556,0.31299483917196597,0,0,0,nan
28,long_2link,ejar_absolute,18,0.011779628199191905,0.010552321380327781,1,1,2,0.015721558323409424
29,asymmetric_3link,raw_copy,18,0.13020814805608197,0.06905098028532361,0,0,0,nan
29,asymmetric_3link,ejar_absolute,18,0.011681027191662786,0.005589365922101356,1,1,0,0.0031340904176353243
30,short_2link,raw_copy,18,0.2835161435470384,0.18903426244929253,0,0,0,nan
30,short_2link,ejar_absolute,18,0.2344205583522803,0.15062410090175357,0,0,12,0.4157686472575798
31,long_2link,raw_copy,18,0.08851776349017701,0.057364355354362045,0,1,0,nan
31,long_2link,ejar_absolute,18,0.0576083148795208,0.019239524689869943,0,1,5,0.05663082385684692
32,asymmetric_3link,raw_copy,18,0.14780884754907636,0.10196416889431496,0,0,0,nan
32,asymmetric_3link,ejar_absolute,18,0.0573799267701916,0.03707606359210985,0,1,8,0.14873398127220813
33,short_2link,raw_copy,18,0.05978547878189479,0.039414992353117705,0,1,0,nan
33,short_2link,ejar_absolute,18,0.055868586787756365,0.034538484457358486,0,1,4,0.09394553552259721
34,long_2link,raw_copy,18,0.1425403738744659,0.08598796603020559,0,0,0,nan
34,long_2link,ejar_absolute,18,0.13395228077114207,0.08101449937255725,0,0,3,0.3157318598720896
35,asymmetric_3link,raw_copy,18,0.15247487718754238,0.15850626308227211,0,0,0,nan
35,asymmetric_3link,ejar_absolute,18,0.023217828752844172,0.011567033895758291,1,1,1,0.010760503375569622
36,short_2link,raw_copy,18,0.11288019734804051,0.09982223235585881,0,0,0,nan
36,short_2link,ejar_absolute,18,0.08090191957515887,0.06857076507917757,0,1,13,0.31562701357488665
37,long_2link,raw_copy,18,0.13838743806250767,0.09054577599280922,0,0,0,nan
37,long_2link,ejar_absolute,18,0.04924175412659442,0.04781185845059944,1,1,11,0.30612534117697365
38,asymmetric_3link,raw_copy,18,0.26349574367968526,0.1961195111125108,0,0,0,nan
38,asymmetric_3link,ejar_absolute,18,0.07235675110178855,0.06261378425980711,0,1,3,0.07923602862405493
39,short_2link,raw_copy,18,0.0828460924565436,0.034969018762645535,0,1,0,nan
39,short_2link,ejar_absolute,18,0.045195013123506586,0.02630269610376672,1,1,6,0.11787589373956757
40,long_2link,raw_copy,18,0.24666794026441005,0.16108762129556145,0,0,0,nan
40,long_2link,ejar_absolute,18,0.012859308422925582,0.005796765443574204,1,1,5,0.018561846550037907
41,asymmetric_3link,raw_copy,18,0.09239008217529715,0.11351693935863626,0,1,0,nan
41,asymmetric_3link,ejar_absolute,18,0.03607157970667211,0.02186976030740158,1,1,5,0.04610555884634417
42,short_2link,raw_copy,18,0.13010346677051296,0.06257926743174824,0,0,0,nan
42,short_2link,ejar_absolute,18,0.014093579565732406,0.013841856485177401,1,1,8,0.12036884617169379
43,long_2link,raw_copy,18,0.055570781531131805,0.11328151816177368,0,1,0,nan
43,long_2link,ejar_absolute,18,0.021076964587301874,0.01144844866606047,1,1,6,0.059153669399955366
44,asymmetric_3link,raw_copy,18,0.009787253947577148,0.0524801377153323,1,1,0,nan
44,asymmetric_3link,ejar_absolute,18,0.009897968882841236,0.0053244110415967116,1,1,0,0.0027154307677062415
45,short_2link,raw_copy,18,0.17070525275816967,0.12174022861346526,0,0,0,nan
45,short_2link,ejar_absolute,18,0.07778715374902984,0.07188054486337508,0,1,12,0.4208278779118281
46,long_2link,raw_copy,18,0.06447749467233709,0.0896604083556482,0,1,0,nan
46,long_2link,ejar_absolute,18,0.06716258134069106,0.08328531466638144,0,1,5,0.17306125407294506
47,asymmetric_3link,raw_copy,18,0.05056530155388398,0.04819903759196426,0,1,0,nan
47,asymmetric_3link,ejar_absolute,18,0.01157188207426637,0.020832674843516717,1,1,8,0.13867288113661844
48,short_2link,raw_copy,18,0.3404171007842153,0.2735023379564113,0,0,0,nan
48,short_2link,ejar_absolute,18,0.037934700348737985,0.031413446859986774,1,1,10,0.14204483912786162
49,long_2link,raw_copy,18,0.03983979751487245,0.03540879194738947,1,1,0,nan
49,long_2link,ejar_absolute,18,0.027909706631293104,0.027982667374898,1,1,13,0.466022314464064
50,asymmetric_3link,raw_copy,18,0.12478690732235229,0.08655098191317757,0,0,0,nan
50,asymmetric_3link,ejar_absolute,18,0.0067905170293237425,0.004056630189515607,1,1,0,0.0022200490636541115
51,short_2link,raw_copy,18,0.14281478473570858,0.13711269755813382,0,0,0,nan
51,short_2link,ejar_absolute,18,0.13753497199771347,0.07048493144024809,0,0,7,0.4180607672923535
52,long_2link,raw_copy,18,0.7252507940144186,0.5190242307348932,0,0,0,nan
52,long_2link,ejar_absolute,18,0.23071499122739952,0.1515887581258564,0,0,10,0.4023367299755801
53,asymmetric_3link,raw_copy,18,0.31039721778968343,0.20833101764461834,0,0,0,nan
53,asymmetric_3link,ejar_absolute,18,0.16306741879277686,0.1133105978600209,0,0,10,0.33783404872447675
54,short_2link,raw_copy,18,0.27982870589743974,0.27160187424138515,0,0,0,nan
54,short_2link,ejar_absolute,18,0.034277083610604865,0.023486122075166403,1,1,6,0.11045804766955372
55,long_2link,raw_copy,18,0.09875282724753619,0.1289851599927972,0,1,0,nan
55,long_2link,ejar_absolute,18,0.006478931088199052,0.0036762013058024203,1,1,0,0.001863042954005263
56,asymmetric_3link,raw_copy,18,0.15592007687948745,0.11508965999608924,0,0,0,nan
56,asymmetric_3link,ejar_absolute,18,0.05073407219247408,0.040526745336149264,0,1,7,0.11091159696489133
57,short_2link,raw_copy,18,0.3380949028705208,0.1548551170254398,0,0,0,nan
57,short_2link,ejar_absolute,18,0.11110031083469803,0.0552002745218993,0,0,10,0.17046297913879613
58,long_2link,raw_copy,18,0.21349043951148208,0.15835423268222137,0,0,0,nan
58,long_2link,ejar_absolute,18,0.010921862915969693,0.01233315304169879,1,1,4,0.03064179247990869
59,asymmetric_3link,raw_copy,18,0.27045475915825246,0.1731379966775443,0,0,0,nan
59,asymmetric_3link,ejar_absolute,18,0.07018922027395018,0.045002036182661485,0,1,13,0.29095061945389084
60,short_2link,raw_copy,18,0.07457700736514386,0.06455004602726037,0,1,0,nan
60,short_2link,ejar_absolute,18,0.10475549366960024,0.07011121271005967,0,0,16,0.6117468063604716
61,long_2link,raw_copy,18,0.019360736986509756,0.024968756946786724,1,1,0,nan
61,long_2link,ejar_absolute,18,0.01409140931459158,0.008302323761725825,1,1,1,0.004761752946516367
62,asymmetric_3link,raw_copy,18,0.07102235030794722,0.16656324813062193,0,1,0,nan
62,asymmetric_3link,ejar_absolute,18,0.017543710040025712,0.014480477112425894,1,1,6,0.054847205934413994
63,short_2link,raw_copy,18,0.13685057781442428,0.1318266718944733,0,0,0,nan
63,short_2link,ejar_absolute,18,0.04572481955967773,0.04739122765586668,1,1,15,0.5918481167137339
64,long_2link,raw_copy,18,0.25037466427182214,0.13232761735766332,0,0,0,nan
64,long_2link,ejar_absolute,18,0.008249387589665825,0.005752478592054444,1,1,1,0.0035045783306222288
65,asymmetric_3link,raw_copy,18,0.16929642892909064,0.09089625039411046,0,0,0,nan
65,asymmetric_3link,ejar_absolute,18,0.08352671672180165,0.03647131469819008,0,1,8,0.12319791902116678
66,short_2link,raw_copy,18,0.3662708217245515,0.13681726193072571,0,0,0,nan
66,short_2link,ejar_absolute,18,0.14110424198381655,0.04858928630699492,0,0,11,0.38926199936836997
67,long_2link,raw_copy,18,0.5679029993741311,0.19592954212700267,0,0,0,nan
67,long_2link,ejar_absolute,18,0.06446457547469472,0.03603072763587223,0,1,6,0.08726497734113979
68,asymmetric_3link,raw_copy,18,0.09182505075759932,0.03615702812414683,0,1,0,nan
68,asymmetric_3link,ejar_absolute,18,0.09230509518155557,0.05393750670789732,0,1,14,0.687452922056666
69,short_2link,raw_copy,18,0.1907594065640839,0.10239635429836862,0,0,0,nan
69,short_2link,ejar_absolute,18,0.05162365547373604,0.04953575275851912,0,1,10,0.44748481120314426
70,long_2link,raw_copy,18,0.3074512582686066,0.2556370331913681,0,0,0,nan
70,long_2link,ejar_absolute,18,0.046391548935058355,0.02322018996718221,1,1,5,0.1036617209328843
71,asymmetric_3link,raw_copy,18,0.01962859415877953,0.12166251124035618,1,1,0,nan
71,asymmetric_3link,ejar_absolute,18,0.019384852765334686,0.010732154918277637,1,1,5,0.03126065496654613
72,short_2link,raw_copy,18,0.10260094530053214,0.0884314967693325,0,0,0,nan
72,short_2link,ejar_absolute,18,0.016372085748818856,0.021840433659570186,1,1,11,0.17427228453782523
73,long_2link,raw_copy,18,0.20239512583918864,0.11975485212302887,0,0,0,nan
73,long_2link,ejar_absolute,18,0.04026244774914129,0.026009505341852698,1,1,11,0.11560341388739491
74,asymmetric_3link,raw_copy,18,0.12662632766123716,0.11609211204927103,0,0,0,nan
74,asymmetric_3link,ejar_absolute,18,0.04464681324884674,0.024054295516426977,1,1,10,0.21082406828451544
75,short_2link,raw_copy,18,0.17019242479459754,0.1016618873942256,0,0,0,nan
75,short_2link,ejar_absolute,18,0.08944784715366147,0.03860143835174866,0,1,13,0.3666869624138856
76,long_2link,raw_copy,18,0.21330828175769465,0.09561025384589654,0,0,0,nan
76,long_2link,ejar_absolute,18,0.024296470829076267,0.012426832599765021,1,1,2,0.021139870275087454
77,asymmetric_3link,raw_copy,18,0.09801158277292964,0.07298863030977276,0,1,0,nan
77,asymmetric_3link,ejar_absolute,18,0.0055886873368604555,0.00354108933172247,1,1,0,0.0020642967200076657
78,short_2link,raw_copy,18,0.132368383610873,0.14878922259577582,0,0,0,nan
78,short_2link,ejar_absolute,18,0.0832670230130083,0.0657654607908015,0,1,11,0.39221929360813557
79,long_2link,raw_copy,18,0.0887641248785902,0.13061711691772424,0,1,0,nan
79,long_2link,ejar_absolute,18,0.044524904758407174,0.06421419619827773,1,1,10,0.28067260332486793
80,asymmetric_3link,raw_copy,18,0.10022208990868474,0.10601429878065116,0,0,0,nan
80,asymmetric_3link,ejar_absolute,18,0.04154664009155936,0.04809897468586206,1,1,7,0.1419571164044212
81,short_2link,raw_copy,18,0.10961315209973684,0.13080041961731997,0,0,0,nan
81,short_2link,ejar_absolute,18,0.05829285021059382,0.05430832551220119,0,1,9,0.17271180983943135
82,long_2link,raw_copy,18,0.1648703261369908,0.055939345006764514,0,0,0,nan
82,long_2link,ejar_absolute,18,0.024639130402050773,0.012572691374953739,1,1,0,0.0018741422583993068
83,asymmetric_3link,raw_copy,18,0.1860149694819322,0.12844252172517523,0,0,0,nan
83,asymmetric_3link,ejar_absolute,18,0.037389881830633145,0.011738967475343701,1,1,3,0.043161290026049834
84,short_2link,raw_copy,18,0.017926510959046175,0.026597263343417908,1,1,0,nan
84,short_2link,ejar_absolute,18,0.024049039286964894,0.014151278106573196,1,1,1,0.007020776360463223
85,long_2link,raw_copy,18,0.21340976234332246,0.2114700205759931,0,0,0,nan
85,long_2link,ejar_absolute,18,0.07002275952109269,0.036108918233764296,0,1,9,0.2547501365410982
86,asymmetric_3link,raw_copy,18,0.1489376204603457,0.10444710709012162,0,0,0,nan
86,asymmetric_3link,ejar_absolute,18,0.007139236314490784,0.008948411307011149,1,1,4,0.10239623977359956
87,short_2link,raw_copy,18,0.03946504367030631,0.0313868595045347,1,1,0,nan
87,short_2link,ejar_absolute,18,0.10731631461844594,0.06170129333625329,0,0,13,0.4524974278686245
88,long_2link,raw_copy,18,0.24473655780378537,0.16294613178762873,0,0,0,nan
88,long_2link,ejar_absolute,18,0.02048082045782044,0.011220663710464655,1,1,1,0.011918472870805531
89,asymmetric_3link,raw_copy,18,0.08791877914000458,0.048380337797958486,0,1,0,nan
89,asymmetric_3link,ejar_absolute,18,0.06905366148681852,0.03498517890351132,0,1,8,0.2064779932798787
90,short_2link,raw_copy,18,0.11156364719854614,0.08787552540851856,0,0,0,nan
90,short_2link,ejar_absolute,18,0.050529017952892406,0.035588313575825516,0,1,11,0.2775800423828831
91,long_2link,raw_copy,18,0.028005359451769116,0.02413534681447341,1,1,0,nan
91,long_2link,ejar_absolute,18,0.00911892285660122,0.0049556264085288595,1,1,0,0.0030465868182568455
92,asymmetric_3link,raw_copy,18,0.06600513514514816,0.23152698133110894,0,1,0,nan
92,asymmetric_3link,ejar_absolute,18,0.027414473051648198,0.05052476094066941,1,1,8,0.2131770931932687
93,short_2link,raw_copy,18,0.06811237737000685,0.09838660137254193,0,1,0,nan
93,short_2link,ejar_absolute,18,0.038839814420147396,0.028683762867583742,1,1,3,0.05294575875240148
94,long_2link,raw_copy,18,0.1406419312088048,0.18996866625620215,0,0,0,nan
94,long_2link,ejar_absolute,18,0.0327967618717549,0.02690386809825156,1,1,8,0.08117674153844653
95,asymmetric_3link,raw_copy,18,0.1435700430647627,0.07875374398962001,0,0,0,nan
95,asymmetric_3link,ejar_absolute,18,0.012278904460361735,0.010838198749181455,1,1,5,0.038237471175682845
96,short_2link,raw_copy,18,0.07910664851851973,0.1688216113527233,0,1,0,nan
96,short_2link,ejar_absolute,18,0.013130632909647362,0.11363141356825437,1,1,10,0.36131601283282383
97,long_2link,raw_copy,18,0.2712342580607683,0.1501222669695996,0,0,0,nan
97,long_2link,ejar_absolute,18,0.03756469762218137,0.025143911922144817,1,1,3,0.08278074777249148
98,asymmetric_3link,raw_copy,18,0.28479324794664246,0.1544378835770746,0,0,0,nan
98,asymmetric_3link,ejar_absolute,18,0.006470994178114901,0.0033731200306068554,1,1,0,0.0032648154440431897
99,short_2link,raw_copy,18,0.2371879313459386,0.0912862088559057,0,0,0,nan
99,short_2link,ejar_absolute,18,0.13961752568746008,0.06060832055805955,0,0,12,0.4217174432160057
100,long_2link,raw_copy,18,0.057672171296448825,0.04226158555848673,0,1,0,nan
100,long_2link,ejar_absolute,18,0.06776296489076701,0.06314473372990902,0,1,6,0.28666263277058196
101,asymmetric_3link,raw_copy,18,0.005694491800489663,0.04780213304542649,1,1,0,nan
101,asymmetric_3link,ejar_absolute,18,0.006781235183677629,0.0034540974564087404,1,1,0,0.0016923293878594815
102,short_2link,raw_copy,18,0.3998043909489343,0.3847480118447846,0,0,0,nan
102,short_2link,ejar_absolute,18,0.2590417388019076,0.2440779965228648,0,0,16,0.6732889609241388
103,long_2link,raw_copy,18,0.34257033299765655,0.2609650437293045,0,0,0,nan
103,long_2link,ejar_absolute,18,0.005831759130934959,0.0021892232430841124,1,1,0,0.0019153836058780338
104,asymmetric_3link,raw_copy,18,0.3118882097760756,0.28918375787122075,0,0,0,nan
104,asymmetric_3link,ejar_absolute,18,0.12372193182417221,0.09704292112885295,0,0,10,0.33803018941325935
105,short_2link,raw_copy,18,0.03706742111279298,0.029423839332805585,1,1,0,nan
105,short_2link,ejar_absolute,18,0.022931537431352587,0.01067192406824407,1,1,2,0.010600373302150273
106,long_2link,raw_copy,18,0.058711456481248384,0.08819523436712914,0,1,0,nan
106,long_2link,ejar_absolute,18,0.009012531659443549,0.005055710181528258,1,1,1,0.013270908908294335
107,asymmetric_3link,raw_copy,18,0.2047225854374821,0.21485823148298921,0,0,0,nan
107,asymmetric_3link,ejar_absolute,18,0.11792984090856194,0.10402637199031176,0,0,10,0.2299561458031983
108,short_2link,raw_copy,18,0.016739168609736545,0.04284959846257163,1,1,0,nan
108,short_2link,ejar_absolute,18,0.05915616621389547,0.04298154817303875,0,1,5,0.09865514536013892
109,long_2link,raw_copy,18,0.5785101986755317,0.24668676945056756,0,0,0,nan
109,long_2link,ejar_absolute,18,0.31918356909697704,0.14112242564594818,0,0,16,0.4580034348758483
110,asymmetric_3link,raw_copy,18,0.07775110352637904,0.05759622839841705,0,1,0,nan
110,asymmetric_3link,ejar_absolute,18,0.013421496842658092,0.013587316400815126,1,1,3,0.026318415082430126
111,short_2link,raw_copy,18,0.1299290476343402,0.0985565409430712,0,0,0,nan
111,short_2link,ejar_absolute,18,0.028696949084898376,0.032136355896662326,1,1,7,0.35383689245148214
112,long_2link,raw_copy,18,0.32605222099426673,0.1708606251975963,0,0,0,nan
112,long_2link,ejar_absolute,18,0.06735152589850335,0.019125492032570454,0,1,6,0.09509750664399848
113,asymmetric_3link,raw_copy,18,0.0734202178616659,0.04794818775185869,0,1,0,nan
113,asymmetric_3link,ejar_absolute,18,0.017315652381671716,0.007269459674115655,1,1,1,0.007297104146881024
114,short_2link,raw_copy,18,0.03936442906397274,0.08958921346909136,1,1,0,nan
114,short_2link,ejar_absolute,18,0.05160076331612856,0.03565550128258705,0,1,8,0.18361135101706397
115,long_2link,raw_copy,18,0.38864314992202575,0.22842565997806574,0,0,0,nan
115,long_2link,ejar_absolute,18,0.04496224692142627,0.023784665366412987,1,1,10,0.11282597576978681
116,asymmetric_3link,raw_copy,18,0.2812984916226093,0.1435830297674151,0,0,0,nan
116,asymmetric_3link,ejar_absolute,18,0.04963076626866528,0.03713905582773593,1,1,12,0.3928663718474726
117,short_2link,raw_copy,18,0.15862292475489156,0.1069024194892557,0,0,0,nan
117,short_2link,ejar_absolute,18,0.16677401165145778,0.11041403266010774,0,0,15,0.6039143589886198
118,long_2link,raw_copy,18,0.030174932254782218,0.014339961816797035,1,1,0,nan
118,long_2link,ejar_absolute,18,0.07987222920547167,0.043278771393941484,0,1,6,0.12553487269607502
119,asymmetric_3link,raw_copy,18,0.3586174902893363,0.2464226375462368,0,0,0,nan
119,asymmetric_3link,ejar_absolute,18,0.21013927421248962,0.13330171542087196,0,0,17,0.5910301058420812
120,short_2link,raw_copy,18,0.05070546229927799,0.14243321681070803,0,1,0,nan
120,short_2link,ejar_absolute,18,0.04390115349230436,0.09132758649057802,1,1,14,0.5213563633701415
121,long_2link,raw_copy,18,0.08700973608583731,0.17151689053783148,0,1,0,nan
121,long_2link,ejar_absolute,18,0.0060481286263644445,0.003292469843836873,1,1,0,0.0019571258365150192
122,asymmetric_3link,raw_copy,18,0.2023595411621524,0.1800740786380942,0,0,0,nan
122,asymmetric_3link,ejar_absolute,18,0.12084133056264959,0.09429573326397289,0,0,11,0.2035689377224167
123,short_2link,raw_copy,18,0.040453039386942106,0.186787271708996,1,1,0,nan
123,short_2link,ejar_absolute,18,0.07913112307208418,0.023668114422120582,0,1,5,0.09370952316289996
124,long_2link,raw_copy,18,0.11501647786998129,0.10497219611816014,0,0,0,nan
124,long_2link,ejar_absolute,18,0.01513698267686413,0.008413532652191474,1,1,5,0.038007895030174765
125,asymmetric_3link,raw_copy,18,0.0445189247731632,0.0624287402882263,1,1,0,nan
125,asymmetric_3link,ejar_absolute,18,0.029577067155670333,0.05772394720611217,1,1,10,0.27866813876051605
126,short_2link,raw_copy,18,0.08560705874851851,0.07353623658518885,0,1,0,nan
126,short_2link,ejar_absolute,18,0.05215994550294967,0.05717449882432346,0,1,15,0.5050712068865495
127,long_2link,raw_copy,18,0.17237283408415505,0.08764908194473048,0,0,0,nan
127,long_2link,ejar_absolute,18,0.04781303773699116,0.029426210333878426,1,1,8,0.19869397948317988
128,asymmetric_3link,raw_copy,18,0.09864011935510633,0.058312736543769256,0,1,0,nan
128,asymmetric_3link,ejar_absolute,18,0.10149942426857918,0.03684308230935875,0,0,11,0.19487708629018102
129,short_2link,raw_copy,18,0.06386181491706903,0.052885880586738696,0,1,0,nan
129,short_2link,ejar_absolute,18,0.012772476876417591,0.013122338379986177,1,1,8,0.09282013300926292
130,long_2link,raw_copy,18,0.06998022609339782,0.04395315787972286,0,1,0,nan
130,long_2link,ejar_absolute,18,0.013794349539830587,0.0074560374575871015,1,1,1,0.00649928642238029
131,asymmetric_3link,raw_copy,18,0.6744557947993751,0.5043012779134143,0,0,0,nan
131,asymmetric_3link,ejar_absolute,18,0.29372843730914117,0.22418410620385032,0,0,12,0.4743874008220344
132,short_2link,raw_copy,18,0.013737782452430304,0.049630831485229183,1,1,0,nan
132,short_2link,ejar_absolute,18,0.010741563070142776,0.01317003823963983,1,1,6,0.09042730364611687
133,long_2link,raw_copy,18,0.29223400915790076,0.19891874296635198,0,0,0,nan
133,long_2link,ejar_absolute,18,0.009253178697388793,0.004079541547697655,1,1,0,0.002098986246317089
134,asymmetric_3link,raw_copy,18,0.5922670874360549,0.31445192496924584,0,0,0,nan
134,asymmetric_3link,ejar_absolute,18,0.26868827773859133,0.16363218918044256,0,0,13,0.36236246130972
135,short_2link,raw_copy,18,0.2611782735421407,0.136929008393602,0,0,0,nan
135,short_2link,ejar_absolute,18,0.10484345257649177,0.050457460283180613,0,0,9,0.20616420927824655
136,long_2link,raw_copy,18,0.1792672836792272,0.09488135735645613,0,0,0,nan
136,long_2link,ejar_absolute,18,0.08469781263637755,0.04003855226171508,0,1,11,0.2870292907007719
137,asymmetric_3link,raw_copy,18,0.08687352803485053,0.09681217031130225,0,1,0,nan
137,asymmetric_3link,ejar_absolute,18,0.014671744394660928,0.00767207452745031,1,1,2,0.01226919745277074
138,short_2link,raw_copy,18,0.3912308053101674,0.16621781123739077,0,0,0,nan
138,short_2link,ejar_absolute,18,0.13517861034826295,0.06550121532631804,0,0,12,0.27982790691269355
139,long_2link,raw_copy,18,0.020137300659907258,0.20512306438066125,1,1,0,nan
139,long_2link,ejar_absolute,18,0.014648630410172107,0.011283429316105407,1,1,3,0.03086360884771074
140,asymmetric_3link,raw_copy,18,0.3092264661483767,0.18297243481332415,0,0,0,nan
140,asymmetric_3link,ejar_absolute,18,0.04024273934190771,0.025864849677957373,1,1,5,0.06956122697777602
141,short_2link,raw_copy,18,0.01421229703946605,0.021483454109189115,1,1,0,nan
141,short_2link,ejar_absolute,18,0.03629826334691712,0.025331362162348475,1,1,8,0.15084997190582614
142,long_2link,raw_copy,18,0.8011394828464808,0.4229883015284774,0,0,0,nan
142,long_2link,ejar_absolute,18,0.2541230900445969,0.11406607189632473,0,0,15,0.32501043868340634
143,asymmetric_3link,raw_copy,18,0.10367350586509065,0.09894881673576314,0,0,0,nan
143,asymmetric_3link,ejar_absolute,18,0.055041821957628176,0.02931094721992812,0,1,9,0.24233218541489823
144,short_2link,raw_copy,18,0.019595857719543662,0.05869862913201683,1,1,0,nan
144,short_2link,ejar_absolute,18,0.07086239916438357,0.054211451244002,0,1,9,0.15189177762495426
145,long_2link,raw_copy,18,0.12601752376672126,0.1702444474036103,0,0,0,nan
145,long_2link,ejar_absolute,18,0.02142633139112658,0.039079499792832526,1,1,8,0.23604111493427682
146,asymmetric_3link,raw_copy,18,0.5799802771139859,0.2923482751489185,0,0,0,nan
146,asymmetric_3link,ejar_absolute,18,0.298623523356214,0.1397950403061284,0,0,11,0.3751597909862986
147,short_2link,raw_copy,18,0.12918379546751677,0.05526195356447852,0,0,0,nan
147,short_2link,ejar_absolute,18,0.03305492835708551,0.030068352538487126,1,1,13,0.4238372142849375
148,long_2link,raw_copy,18,0.09681373824461124,0.05054467178147548,0,1,0,nan
148,long_2link,ejar_absolute,18,0.012954576572836964,0.0058950854640569365,1,1,3,0.011959185625772046
149,asymmetric_3link,raw_copy,18,0.04260714194315468,0.032534280215400516,1,1,0,nan
149,asymmetric_3link,ejar_absolute,18,0.010042938419480629,0.00565876164257128,1,1,1,0.009376760102948096
150,short_2link,raw_copy,18,0.021874187998025738,0.03362658750461505,1,1,0,nan
150,short_2link,ejar_absolute,18,0.055483296797145705,0.0422030597161287,0,1,4,0.07109489507280854
151,long_2link,raw_copy,18,0.035155212060004055,0.06517983947800872,1,1,0,nan
151,long_2link,ejar_absolute,18,0.017480695308278112,0.01357884037203343,1,1,5,0.0224553146701684
152,asymmetric_3link,raw_copy,18,0.11168420113128269,0.04354030998376768,0,0,0,nan
152,asymmetric_3link,ejar_absolute,18,0.06295522523007878,0.0234712337834659,0,1,8,0.13278183821713432
153,short_2link,raw_copy,18,0.026190495823339786,0.048392379895302595,1,1,0,nan
153,short_2link,ejar_absolute,18,0.02577388051582689,0.05909564649530689,1,1,14,0.6380785432764644
154,long_2link,raw_copy,18,0.2825518207826005,0.30450422146170164,0,0,0,nan
154,long_2link,ejar_absolute,18,0.05046143698900907,0.035264190238579504,0,1,2,0.051777906898532844
155,asymmetric_3link,raw_copy,18,0.2511876960401403,0.16404040218731775,0,0,0,nan
155,asymmetric_3link,ejar_absolute,18,0.013829118945440495,0.00742339274910398,1,1,1,0.005547377259569661
156,short_2link,raw_copy,18,0.20093972489154063,0.17039579845430694,0,0,0,nan
156,short_2link,ejar_absolute,18,0.07451847301304862,0.04866853771323091,0,1,6,0.13788846701543522
157,long_2link,raw_copy,18,0.17182804370318272,0.10509965131087179,0,0,0,nan
157,long_2link,ejar_absolute,18,0.12350378828265589,0.07361214545271463,0,0,14,0.42822686473774774
158,asymmetric_3link,raw_copy,18,0.19169720165403964,0.09382030465063312,0,0,0,nan
158,asymmetric_3link,ejar_absolute,18,0.0793277078490767,0.04794431172156137,0,1,9,0.2792093733476239
159,short_2link,raw_copy,18,0.08407444349873766,0.11017861396806268,0,1,0,nan
159,short_2link,ejar_absolute,18,0.05617496928904347,0.06186393736299763,0,1,14,0.5808082734439959
160,long_2link,raw_copy,18,0.17173527557195106,0.2243966143112694,0,0,0,nan
160,long_2link,ejar_absolute,18,0.04970303929743581,0.07629783050440642,1,1,11,0.27564451405072343
161,asymmetric_3link,raw_copy,18,0.3040078329121078,0.16145701501672668,0,0,0,nan
161,asymmetric_3link,ejar_absolute,18,0.13910424601669336,0.06551455142627362,0,0,12,0.2448177920165529
162,short_2link,raw_copy,18,0.4313058045773988,0.27308821936897426,0,0,0,nan
162,short_2link,ejar_absolute,18,0.2628644524820456,0.17061834990677932,0,0,15,0.4888908279250743
163,long_2link,raw_copy,18,0.1573654917206151,0.1091449102419674,0,0,0,nan
163,long_2link,ejar_absolute,18,0.014119941535234706,0.007639748972125339,1,1,4,0.08256588592195745
164,asymmetric_3link,raw_copy,18,0.10888211379675065,0.13952502936771533,0,0,0,nan
164,asymmetric_3link,ejar_absolute,18,0.011091448122439031,0.006273191080858654,1,1,1,0.00820746863136786
165,short_2link,raw_copy,18,0.030926948118136302,0.01770862717294522,1,1,0,nan
165,short_2link,ejar_absolute,18,0.0010432006717751988,0.010312710733782642,1,1,4,0.049859737421813016
166,long_2link,raw_copy,18,0.10557345596572056,0.07487495089143686,0,0,0,nan
166,long_2link,ejar_absolute,18,0.01107156450842461,0.009387643719241973,1,1,2,0.030145566672384813
167,asymmetric_3link,raw_copy,18,0.25783058725868274,0.1283554439460532,0,0,0,nan
167,asymmetric_3link,ejar_absolute,18,0.03851299697123378,0.01873611957242758,1,1,3,0.029889405828980878
168,short_2link,raw_copy,18,0.1768711530676456,0.12022794104510533,0,0,0,nan
168,short_2link,ejar_absolute,18,0.16397575986393967,0.11249589308247593,0,0,13,0.8302214724052044
169,long_2link,raw_copy,18,0.07105624332838205,0.07222163589495573,0,1,0,nan
169,long_2link,ejar_absolute,18,0.026896190196098152,0.014796218095913354,1,1,2,0.018157209316483625
170,asymmetric_3link,raw_copy,18,0.32773751954626984,0.2153069691545365,0,0,0,nan
170,asymmetric_3link,ejar_absolute,18,0.07382492759625085,0.03512959594810419,0,1,11,0.3724847343938676
171,short_2link,raw_copy,18,0.18124167363226465,0.14103199022721108,0,0,0,nan
171,short_2link,ejar_absolute,18,0.11471738918095067,0.09086416858983781,0,0,16,0.4399973452528594
172,long_2link,raw_copy,18,0.15089812662773647,0.08144612116080581,0,0,0,nan
172,long_2link,ejar_absolute,18,0.023911822684967207,0.008481562102055328,1,1,4,0.02000904428288031
173,asymmetric_3link,raw_copy,18,0.05344149504421749,0.07013294868498135,0,1,0,nan
173,asymmetric_3link,ejar_absolute,18,0.03478423634800363,0.017863262913339183,1,1,4,0.09257863037510222
174,short_2link,raw_copy,18,0.38642879501925703,0.16371688562729508,0,0,0,nan
174,short_2link,ejar_absolute,18,0.02247199782194301,0.01597516992355024,1,1,3,0.032299492925672
175,long_2link,raw_copy,18,0.17846118264417435,0.11285584143670246,0,0,0,nan
175,long_2link,ejar_absolute,18,0.060360315269846185,0.052585419247295484,0,1,6,0.18963815654773689
176,asymmetric_3link,raw_copy,18,0.06778166030069697,0.09194101520043192,0,1,0,nan
176,asymmetric_3link,ejar_absolute,18,0.05128613465648972,0.023189159220154527,0,1,7,0.1501066889046411
177,short_2link,raw_copy,18,0.13548068052943327,0.062105907336805086,0,0,0,nan
177,short_2link,ejar_absolute,18,0.155076847282714,0.06705441108176298,0,0,10,0.35712171337055193
178,long_2link,raw_copy,18,0.022501064077660844,0.1907511916016621,1,1,0,nan
178,long_2link,ejar_absolute,18,0.02802738157568227,0.06743673103604185,1,1,12,0.2494694085099525
179,asymmetric_3link,raw_copy,18,0.05380907936003368,0.03559267550786189,0,1,0,nan
179,asymmetric_3link,ejar_absolute,18,0.02102826206581916,0.011578729718411998,1,1,0,0.002197116804707978
180,short_2link,raw_copy,18,0.08192800823593124,0.07131000726372676,0,1,0,nan
180,short_2link,ejar_absolute,18,0.01650631440246083,0.014942271124923086,1,1,8,0.22055118520382927
181,long_2link,raw_copy,18,0.7361702580286693,0.3452647958262811,0,0,0,nan
181,long_2link,ejar_absolute,18,0.032964318816479536,0.027127586126428002,1,1,4,0.05438111543151513
182,asymmetric_3link,raw_copy,18,0.19464260317089965,0.13439229869407956,0,0,0,nan
182,asymmetric_3link,ejar_absolute,18,0.027481686846819498,0.0201524726243275,1,1,2,0.021823183964550158
183,short_2link,raw_copy,18,0.17481873055222497,0.08431749809477725,0,0,0,nan
183,short_2link,ejar_absolute,18,0.021102003804172542,0.02540500462199465,1,1,9,0.164079935346817
184,long_2link,raw_copy,18,0.286897531320211,0.20666692648687449,0,0,0,nan
184,long_2link,ejar_absolute,18,0.09305545915462854,0.04675652687718675,0,1,5,0.10419160721331026
185,asymmetric_3link,raw_copy,18,0.13037695865579713,0.0890474843621084,0,0,0,nan
185,asymmetric_3link,ejar_absolute,18,0.053386776686138324,0.05126259983421714,0,1,9,0.2811489230331006
186,short_2link,raw_copy,18,0.15935737992053953,0.2501486720760484,0,0,0,nan
186,short_2link,ejar_absolute,18,0.12231092097165987,0.10952919686228328,0,0,7,0.36498519273750263
187,long_2link,raw_copy,18,0.3227261976080056,0.2820962754396879,0,0,0,nan
187,long_2link,ejar_absolute,18,0.12945845233613698,0.0983218724860227,0,0,16,0.45912758843096074
188,asymmetric_3link,raw_copy,18,0.03952330095960217,0.07443802771538538,1,1,0,nan
188,asymmetric_3link,ejar_absolute,18,0.006957750924579664,0.03236459572597086,1,1,11,0.30457615187005604
189,short_2link,raw_copy,18,0.01721993756351629,0.01746847592118457,1,1,0,nan
189,short_2link,ejar_absolute,18,0.053315917686055946,0.03223622490327687,0,1,9,0.11418819117505863
190,long_2link,raw_copy,18,0.37504459931569256,0.29930950350721364,0,0,0,nan
190,long_2link,ejar_absolute,18,0.2458236347259543,0.19475611009048277,0,0,15,0.5975494196265098
191,asymmetric_3link,raw_copy,18,0.06361281264159911,0.09814165260506737,0,1,0,nan
191,asymmetric_3link,ejar_absolute,18,0.06477210763809413,0.029762929816329664,0,1,10,0.18267711411663717
192,short_2link,raw_copy,18,0.13641293634835241,0.060980602564717,0,0,0,nan
192,short_2link,ejar_absolute,18,0.05524116909268062,0.03241702864308728,0,1,15,0.4582778921509541
193,long_2link,raw_copy,18,0.19424411053695959,0.14037969054959007,0,0,0,nan
193,long_2link,ejar_absolute,18,0.058627808471550885,0.044865009727919195,0,1,4,0.08725737591267053
194,asymmetric_3link,raw_copy,18,0.12418177886919125,0.08191043548282781,0,0,0,nan
194,asymmetric_3link,ejar_absolute,18,0.008840581559426281,0.004998323611520274,1,1,0,0.0024083423441716607
195,short_2link,raw_copy,18,0.16725487358922075,0.10923616059697883,0,0,0,nan
195,short_2link,ejar_absolute,18,0.09219157006866635,0.043081793487898916,0,1,9,0.16792276536440445
196,long_2link,raw_copy,18,0.45322574738479665,0.10019007772820257,0,0,0,nan
196,long_2link,ejar_absolute,18,0.037686065164282016,0.012548455678546172,1,1,7,0.08099523753493074
197,asymmetric_3link,raw_copy,18,0.4152658246457946,0.21672457391990319,0,0,0,nan
197,asymmetric_3link,ejar_absolute,18,0.00754896256010611,0.004461527995609843,1,1,1,0.0037786973621489863
198,short_2link,raw_copy,18,0.4919347454386452,0.2928151413922937,0,0,0,nan
198,short_2link,ejar_absolute,18,0.3150364306272393,0.1914151132481415,0,0,14,0.5339021364653991
199,long_2link,raw_copy,18,0.21204492135445213,0.13422612203337492,0,0,0,nan
199,long_2link,ejar_absolute,18,0.05837414858461403,0.05501517689901942,0,1,10,0.24626875582418595
200,asymmetric_3link,raw_copy,18,0.06972774138146895,0.06457304983595545,0,1,0,nan
200,asymmetric_3link,ejar_absolute,18,0.009671382296030392,0.02207722971589489,1,1,11,0.19908540491396165
201,short_2link,raw_copy,18,0.1789953411030511,0.11354520128877627,0,0,0,nan
201,short_2link,ejar_absolute,18,0.10421219390856752,0.06825116202026577,0,0,17,0.5510586768062883
202,long_2link,raw_copy,18,0.12593948874886007,0.32025599619186396,0,0,0,nan
202,long_2link,ejar_absolute,18,0.06490675632258379,0.12230896121753403,0,1,13,0.5106469704422176
203,asymmetric_3link,raw_copy,18,0.06623137678238208,0.06821581178322202,0,1,0,nan
203,asymmetric_3link,ejar_absolute,18,0.022799818779554816,0.013964210882070153,1,1,1,0.00831484813421769
204,short_2link,raw_copy,18,0.27736944439703953,0.2166304738973827,0,0,0,nan
204,short_2link,ejar_absolute,18,0.2898796740176398,0.2094502966757928,0,0,13,0.5486706323286256
205,long_2link,raw_copy,18,0.29635440100499555,0.24359728672295372,0,0,0,nan
205,long_2link,ejar_absolute,18,0.1546131538049475,0.11193063778368773,0,0,15,0.4750183973008085
206,asymmetric_3link,raw_copy,18,0.5669165682409912,0.24039372344527316,0,0,0,nan
206,asymmetric_3link,ejar_absolute,18,0.030094884698937462,0.010547601418228088,1,1,4,0.025767500646942845
207,short_2link,raw_copy,18,0.13435891780006057,0.10432572278844555,0,0,0,nan
207,short_2link,ejar_absolute,18,0.006593174952915544,0.0036917183210885413,1,1,1,0.0036399434765594786
208,long_2link,raw_copy,18,0.2949850247860626,0.16439712054205352,0,0,0,nan
208,long_2link,ejar_absolute,18,0.18246234527173977,0.11511367440949309,0,0,13,0.5314430344390773
209,asymmetric_3link,raw_copy,18,0.17384955417862677,0.12467486933525615,0,0,0,nan
209,asymmetric_3link,ejar_absolute,18,0.03493026226760469,0.04698104649070308,1,1,8,0.28681164631202277
210,short_2link,raw_copy,18,0.07518115046935667,0.10094377142610568,0,1,0,nan
210,short_2link,ejar_absolute,18,0.030505978961962225,0.021892857560442437,1,1,6,0.05328404406354841
211,long_2link,raw_copy,18,0.040688422636280405,0.10642793400950046,1,1,0,nan
211,long_2link,ejar_absolute,18,0.009669566384340333,0.024198623532803634,1,1,8,0.2052503946461871
212,asymmetric_3link,raw_copy,18,0.2505054607717668,0.0994156383225761,0,0,0,nan
212,asymmetric_3link,ejar_absolute,18,0.14195620413118082,0.04429383746038687,0,0,8,0.30211659685557707
213,short_2link,raw_copy,18,0.09615840001442973,0.09351652343659171,0,1,0,nan
213,short_2link,ejar_absolute,18,0.04551383807935132,0.04143970247715962,1,1,15,0.23924700227082832
214,long_2link,raw_copy,18,0.07326447366244827,0.25082427820960956,0,1,0,nan
214,long_2link,ejar_absolute,18,0.02762181946395617,0.016844070659408367,1,1,1,0.030276094148078837
215,asymmetric_3link,raw_copy,18,0.06523228660945128,0.07436227754777108,0,1,0,nan
215,asymmetric_3link,ejar_absolute,18,0.019232765988938944,0.009818345060041629,1,1,1,0.017281174600141343
216,short_2link,raw_copy,18,0.08592881225604214,0.05704692536655715,0,1,0,nan
216,short_2link,ejar_absolute,18,0.012983096630116271,0.007771631401475659,1,1,3,0.014449417525256612
217,long_2link,raw_copy,18,0.21097321471596317,0.12414862844481406,0,0,0,nan
217,long_2link,ejar_absolute,18,0.013281424340146718,0.006224277245143868,1,1,1,0.01016250436228555
218,asymmetric_3link,raw_copy,18,0.09235047965683922,0.07324496512578381,0,1,0,nan
218,asymmetric_3link,ejar_absolute,18,0.011714891818169607,0.007534140167477275,1,1,4,0.029517718687778544
219,short_2link,raw_copy,18,0.1003558313605054,0.05542914445272435,0,0,0,nan
219,short_2link,ejar_absolute,18,0.054157312416804514,0.04111205818949761,0,1,13,0.403560944528604
220,long_2link,raw_copy,18,0.12726651624614768,0.14619007694790553,0,0,0,nan
220,long_2link,ejar_absolute,18,0.034484903193499665,0.027381108660735586,1,1,12,0.29333784462629797
221,asymmetric_3link,raw_copy,18,0.23373448421846793,0.22832037245377806,0,0,0,nan
221,asymmetric_3link,ejar_absolute,18,0.13889886262458284,0.10635314685833114,0,0,14,0.5054788788446248
222,short_2link,raw_copy,18,0.04356644373387754,0.047645342778740746,1,1,0,nan
222,short_2link,ejar_absolute,18,0.029651334836843093,0.055290056341649386,1,1,9,0.3535663325811179
223,long_2link,raw_copy,18,0.12720422221495553,0.04739178798502821,0,0,0,nan
223,long_2link,ejar_absolute,18,0.019041322296673914,0.00971438820099388,1,1,3,0.027077657940269513
224,asymmetric_3link,raw_copy,18,0.12543561284255988,0.09090138730560378,0,0,0,nan
224,asymmetric_3link,ejar_absolute,18,0.014171514049422615,0.007314973080534786,1,1,4,0.030913568835231522
225,short_2link,raw_copy,18,0.037937340788855196,0.22572895714092744,1,1,0,nan
225,short_2link,ejar_absolute,18,0.033008598071215436,0.14637575619888926,1,1,15,0.7785168313040747
226,long_2link,raw_copy,18,0.01497469959916486,0.09936736680568843,1,1,0,nan
226,long_2link,ejar_absolute,18,0.0013957508564922559,0.010392197580989417,1,1,6,0.05760156599514374
227,asymmetric_3link,raw_copy,18,0.07825934043035575,0.14030679463832504,0,1,0,nan
227,asymmetric_3link,ejar_absolute,18,0.06822119519654476,0.025284913812329654,0,1,12,0.25978406685198197
228,short_2link,raw_copy,18,0.2959461919364517,0.2794661078040746,0,0,0,nan
228,short_2link,ejar_absolute,18,0.18690190108352386,0.15922985267308257,0,0,13,0.4459937577711715
229,long_2link,raw_copy,18,0.2170370690303297,0.13210206754364762,0,0,0,nan
229,long_2link,ejar_absolute,18,0.1531590631303988,0.09864218277187478,0,0,8,0.24389519239719276
230,asymmetric_3link,raw_copy,18,0.29667388613061413,0.14387000830132146,0,0,0,nan
230,asymmetric_3link,ejar_absolute,18,0.1065390387207711,0.04977876428822707,0,0,5,0.10394075061423705
231,short_2link,raw_copy,18,0.09078360900988602,0.03987695747082247,0,1,0,nan
231,short_2link,ejar_absolute,18,0.054230479213192795,0.03513936420188703,0,1,11,0.2916834726930112
232,long_2link,raw_copy,18,0.39975227831057586,0.22028417660622515,0,0,0,nan
232,long_2link,ejar_absolute,18,0.17927102232541733,0.10444040691167168,0,0,13,0.36184138860773574
233,asymmetric_3link,raw_copy,18,0.0962136190694413,0.06705579701309852,0,1,0,nan
233,asymmetric_3link,ejar_absolute,18,0.06163136999523282,0.03263318012140587,0,1,12,0.33459079949289106
234,short_2link,raw_copy,18,0.13396688041030969,0.07933723965974826,0,0,0,nan
234,short_2link,ejar_absolute,18,0.027236032722514,0.01475630344401857,1,1,3,0.025335485390904886
235,long_2link,raw_copy,18,0.04785460370204826,0.06650549558211843,1,1,0,nan
235,long_2link,ejar_absolute,18,0.015171513386776234,0.013687403988986284,1,1,2,0.028586207789816447
236,asymmetric_3link,raw_copy,18,0.2522785394156902,0.20961840398168777,0,0,0,nan
236,asymmetric_3link,ejar_absolute,18,0.006111728712385259,0.0034163420932332086,1,1,0,0.0018815169464802505
237,short_2link,raw_copy,18,0.17072012186868205,0.19031312632241057,0,0,0,nan
237,short_2link,ejar_absolute,18,0.062389811433850154,0.04624982018812573,0,1,8,0.22821577988955757
238,long_2link,raw_copy,18,0.6820815233150677,0.40974664786994996,0,0,0,nan
238,long_2link,ejar_absolute,18,0.340370228186252,0.19906310650709003,0,0,17,0.7505269480110573
239,asymmetric_3link,raw_copy,18,0.015710045755372444,0.07675646907612083,1,1,0,nan
239,asymmetric_3link,ejar_absolute,18,0.05089722795945368,0.035601017807961516,0,1,7,0.16246589952073662
